Patient_ID,UHID,Full_Name,Date_of_Birth,Gender,Blood_Group,Contact_Number,Residential_Address,ABHA_ID
385,UHID-202603-00001,Laxman Trivedi,2001-01-26,Male,O+,+918571043370,"37, Station Road, Kota, Rajasthan 324717",29360094901898
386,UHID-202603-00002,Ajay Rajput,1957-08-19,Male,O-,+919621388477,"376, Patel Nagar, Jaipur, Rajasthan 302300",63482405028014
387,UHID-202603-00003,Radha Thakur,1978-01-15,Female,A-,+918676235191,"667, Patel Nagar, Gwalior, Madhya Pradesh 474573",82667466677448
388,UHID-202603-00004,Dhruv Ghosh,1967-04-04,Male,A+,+918152900232,"662, Cantonment Road, Chennai, Tamil Nadu 600429",76419042835453
389,UHID-202603-00005,Kalpana Reddy,1984-01-14,Female,A+,+919477175209,"81, Sarojini Nagar, Patiala, Punjab 147857",45900689646215
390,UHID-202603-00006,Aarav Agarwal,2017-05-20,Male,O+,+917049237994,"489, Temple Street, Nagpur, Maharashtra 440944",48643235949950
391,UHID-202603-00007,Aadhya Menon,1969-10-18,Female,B+,+919697969960,"284, Hill View, Kota, Rajasthan 324538",01195071388175
392,UHID-202603-00008,Kalpana Sen,2012-02-05,Female,O+,+918449583807,"387, Hill View, Gwalior, Madhya Pradesh 474816",85821908605813
393,UHID-202603-00009,Bindu Kumar,1953-08-17,Female,B+,+918483202388,"725, Ashok Nagar, Udaipur, Rajasthan 313495",65280501220736
394,UHID-202603-00010,Hema Modi,1948-07-07,Female,B+,+917896195829,"36, Indira Colony, Mumbai, Maharashtra 400602",45126729188224
395,UHID-202603-00011,Trisha Sharma,2001-02-01,Female,A-,+919492915060,"332, Patel Nagar, Chandigarh, Punjab 160121",11080514481089
396,UHID-202603-00012,Pallavi Srivastava,1946-05-30,Female,B+,+919564658946,"708, Shanti Nagar, Vadodara, Gujarat 390727",56763400469753
397,UHID-202603-00013,Pallavi Trivedi,1974-11-19,Female,B+,+918835971438,"769, Shanti Nagar, Mangaluru, Karnataka 575453",72339245384004
398,UHID-202603-00014,Isha Reddy,2016-08-10,Female,AB-,+917897633808,"134, Tilak Road, Thane, Maharashtra 401907",32282770790286
399,UHID-202603-00015,Nikhil Malhotra,2018-08-18,Male,B+,+919343221290,"774, Vikas Nagar, Coimbatore, Tamil Nadu 641803",08480768329186
400,UHID-202603-00016,Ilaa Nair,1968-09-17,Female,B+,+919433266357,"698, Bypass Road, Thane, Maharashtra 401808",40687622036066
401,UHID-202603-00017,Bindu Parekh,1999-04-15,Female,B+,+919629320651,"716, Temple Street, Belgaum, Karnataka 590448",16685057381101
402,UHID-202603-00018,Kirti Mishra,1954-01-05,Female,B-,+919470166841,"57, Rajaji Road, Hubli, Karnataka 580594",67732797656766
403,UHID-202603-00019,Nisha Reddy,1973-11-12,Female,B+,+919161591448,"968, Nehru Street, Nashik, Maharashtra 422713",11550263854022
404,UHID-202603-00020,Archana Chatterjee,1951-09-17,Female,B+,+918583545313,"646, Sarojini Nagar, Dwarka, Delhi 110705",09829848534605
405,UHID-202603-00021,Arjun Thakur,2007-10-21,Male,A-,+918329768308,"902, Nehru Street, Ujjain, Madhya Pradesh 456518",03845047925885
406,UHID-202603-00022,Kirti Choudhary,1995-12-29,Female,B-,+919193100729,"253, Ashok Nagar, Rajkot, Gujarat 360822",94836326890638
407,UHID-202603-00023,Gauri Jog,1999-07-15,Female,O+,+919568267380,"208, Vikas Nagar, Warangal, Telangana 506946",97757193240192
408,UHID-202603-00024,Aditya Jain,1950-03-18,Male,A+,+917094090228,"912, Indira Colony, Thane, Maharashtra 401322",14832118228057
409,UHID-202603-00025,Uma Verma,1969-11-02,Female,A+,+919841388138,"169, Hill View, Varanasi, Uttar Pradesh 221860",39524060267412
410,UHID-202603-00026,Devyani Nair,1997-11-20,Female,B-,+917647893618,"579, Laxmi Nagar, Udaipur, Rajasthan 313597",24933433580045
411,UHID-202603-00027,Tara Jain,2020-01-31,Female,O+,+919075143141,"240, Laxmi Nagar, Rohini, Delhi 110145",28843661614776
412,UHID-202603-00028,Shaurya Reddy,2014-05-21,Male,A+,+919861138239,"281, Ashok Nagar, Chennai, Tamil Nadu 600817",20025728765741
413,UHID-202603-00029,Bhakti Shetty,2009-12-24,Female,AB+,+917763225963,"691, Vikas Nagar, Jalandhar, Punjab 144225",80521765344637
414,UHID-202603-00030,Pallavi Roy,1962-12-28,Female,A+,+917666174881,"332, Market Street, Jalandhar, Punjab 144269",18353924102573
415,UHID-202603-00031,Janaki Dutta,1999-02-02,Female,A+,+917611572290,"525, Kamla Nehru Nagar, Madurai, Tamil Nadu 625985",20323958019522
416,UHID-202603-00032,Pari Sarkar,1969-11-03,Female,A+,+919089876501,"322, Tilak Road, Bengaluru, Karnataka 560227",76406772814874
417,UHID-202603-00033,Balaji Vyas,1973-01-06,Male,O-,+919572030873,"736, Gandhi Nagar, Hubli, Karnataka 580545",41861042131714
418,UHID-202603-00034,Pooja Gandhi,2010-05-13,Female,A+,+917634861757,"542, Nehru Street, New Delhi, Delhi 110423",52539870405709
419,UHID-202603-00035,Uma Srivastava,1974-10-12,Female,O+,+919410869988,"271, Nehru Street, Thrissur, Kerala 680910",01033732563643
420,UHID-202603-00036,Pari Das,1962-02-10,Other,O+,+918823995901,"180, Station Road, Chennai, Tamil Nadu 600918",60073522593426
421,UHID-202603-00037,Trisha Ghosh,1987-04-29,Female,O+,+917033903465,"228, Temple Street, Kochi, Kerala 682640",98767260553866
422,UHID-202603-00038,Ganga Pandey,2003-02-03,Female,B+,+917034400151,"425, Station Road, Chennai, Tamil Nadu 600128",86738269777900
423,UHID-202603-00039,Ekta Iyer,1982-10-30,Female,AB+,+918177717605,"719, Civil Lines, Amritsar, Punjab 143246",04949477237141
424,UHID-202603-00040,Kavya Shetty,1951-09-06,Female,AB+,+917863502901,"183, Patel Nagar, Rajkot, Gujarat 360587",12312040732919
425,UHID-202603-00041,Hamsini Hegde,1966-08-19,Female,B+,+917952539119,"6, Ring Road, Ujjain, Madhya Pradesh 456792",81785349852885
426,UHID-202603-00042,Prateek Sarkar,2020-06-30,Male,B+,+917861636612,"67, Patel Nagar, Kollam, Kerala 691447",27303559957001
427,UHID-202603-00043,Vanitha Patil,1956-03-15,Female,A+,+919480342446,"205, Patel Nagar, Kolkata, West Bengal 700828",07840613400357
428,UHID-202603-00044,Pankaj Modi,1959-06-05,Male,B+,+918185827626,"879, Market Street, Mumbai, Maharashtra 400548",15437378481834
429,UHID-202603-00045,Vinod Shetty,1959-02-07,Male,O+,+918285796537,"922, Patel Nagar, Vadodara, Gujarat 390207",26642573401306
430,UHID-202603-00046,Aditi Kumar,2019-07-26,Female,B-,+917682944233,"607, Station Road, Madurai, Tamil Nadu 625426",49448971462210
431,UHID-202603-00047,Priya Shukla,1987-11-19,Female,O-,+918170600646,"801, Market Street, Ludhiana, Punjab 141702",71062979113587
432,UHID-202603-00048,Vinod Joshi,1948-07-26,Male,A+,+918351890208,"389, Lake View Colony, Janakpuri, Delhi 110636",38641476104231
433,UHID-202603-00049,Vinod Desai,1965-05-16,Male,O+,+918182493529,"918, Vikas Nagar, Rohini, Delhi 110779",60063356953033
434,UHID-202603-00050,Ananya Naidu,1982-11-07,Female,O+,+919671319704,"189, Ring Road, Siliguri, West Bengal 734110",49747269764524
435,UHID-202603-00051,Hema Ghosh,2015-04-25,Female,O+,+918564998546,"253, Tilak Road, Jodhpur, Rajasthan 342917",84357178368963
436,UHID-202603-00052,Devyani Joshi,1948-11-08,Female,A-,+917010593046,"917, Ashok Nagar, Chennai, Tamil Nadu 600632",09399374219720
437,UHID-202603-00053,Himanshu Mukherjee,1962-09-14,Male,B+,+917490613964,"685, Sarojini Nagar, Khammam, Telangana 507309",62045875019750
438,UHID-202603-00054,Himanshu Roy,1968-07-11,Male,A+,+919078623408,"556, Hill View, Nashik, Maharashtra 422861",18928993873539
439,UHID-202603-00055,Savitri Patel,2003-03-16,Female,AB+,+917327353280,"217, Indira Colony, Dwarka, Delhi 110499",83837499942862
440,UHID-202603-00056,Nikhil Sen,2005-12-11,Male,A+,+919573086537,"253, Rajaji Road, Hubli, Karnataka 580930",79606582080122
441,UHID-202603-00057,Mansi Ghosh,1998-02-04,Female,A+,+918463390957,"372, Hill View, Trichy, Tamil Nadu 620912",33840734584204
442,UHID-202603-00058,Laxman Dave,1950-05-27,Male,A-,+919115867001,"884, Nehru Street, Jaipur, Rajasthan 302488",68747897886123
443,UHID-202603-00059,Aarav Deshpande,1987-06-17,Male,B-,+917361373934,"242, Gandhi Nagar, Madurai, Tamil Nadu 625922",70516861103819
444,UHID-202603-00060,Mohit Dave,1979-03-12,Male,A+,+919320150440,"535, Laxmi Nagar, Dwarka, Delhi 110558",78623081458694
445,UHID-202603-00061,Piyush Jog,1989-06-10,Male,A+,+917376394226,"37, Civil Lines, Hyderabad, Telangana 500517",34800062202252
446,UHID-202603-00062,Prasad Rajput,1989-12-08,Male,O+,+917752697706,"763, Nehru Street, Trichy, Tamil Nadu 620270",78565654838028
447,UHID-202603-00063,Madhav Sharma,1964-12-01,Male,A-,+919760867321,"248, Lake View Colony, Jodhpur, Rajasthan 342457",99460513882424
448,UHID-202603-00064,Ira Tiwari,1986-10-19,Female,B+,+918877458777,"840, Ring Road, Nizamabad, Telangana 503287",95640003056357
449,UHID-202603-00065,Ananya Vyas,2010-04-04,Female,AB+,+919390934870,"215, Ring Road, Varanasi, Uttar Pradesh 221538",87814379440340
450,UHID-202603-00066,Mukesh Amin,1981-02-22,Male,B+,+917715932101,"707, Ashok Nagar, Jabalpur, Madhya Pradesh 482146",87023278341927
451,UHID-202603-00067,Suresh Rajput,2011-04-03,Male,AB+,+919587710954,"512, Civil Lines, Pune, Maharashtra 411140",66353582145199
452,UHID-202603-00068,Deepak Dutta,1956-04-15,Male,B+,+919046774623,"669, Patel Nagar, Varanasi, Uttar Pradesh 221543",67523728168654
453,UHID-202603-00069,Aditya Das,1988-06-24,Male,AB-,+919558312014,"100, Subhash Marg, Gwalior, Madhya Pradesh 474764",91416860959964
454,UHID-202603-00070,Prasad Naidu,1963-04-27,Male,O+,+917654271360,"310, Lake View Colony, Vadodara, Gujarat 390509",22906275632281
455,UHID-202603-00071,Laxman Roy,1946-05-21,Male,B+,+917698356446,"382, Patel Nagar, Mumbai, Maharashtra 400646",77945959974692
456,UHID-202603-00072,Tushar Kumar,1956-03-11,Male,A+,+919177483495,"276, Bypass Road, Dwarka, Delhi 110387",08837043950170
457,UHID-202603-00073,Laksh Iyer,1980-01-22,Male,B+,+917360056320,"333, Rajaji Road, Ajmer, Rajasthan 305119",46716138868813
458,UHID-202603-00074,Eshan Chatterjee,2005-03-02,Male,B-,+919058656311,"717, Station Road, Khammam, Telangana 507317",44186885229088
459,UHID-202603-00075,Shaurya Amin,1982-12-04,Male,B-,+919020073273,"193, MG Road, Gandhinagar, Gujarat 382495",23697803895434
460,UHID-202603-00076,Padmini Agarwal,1995-06-09,Female,B+,+917913552913,"502, Station Road, Kozhikode, Kerala 673543",86006440294076
461,UHID-202603-00077,Indira Chauhan,2004-08-02,Female,O+,+918828781743,"514, Sarojini Nagar, Warangal, Telangana 506773",25677738098807
462,UHID-202603-00078,Madhav Amin,1966-04-23,Male,O+,+917013992502,"894, Gandhi Nagar, Ahmedabad, Gujarat 380608",52802848180720
463,UHID-202603-00079,Atharva Reddy,2011-09-18,Male,B+,+919155836233,"60, Laxmi Nagar, Mangaluru, Karnataka 575490",53708442946367
464,UHID-202603-00080,Aaradhya Mishra,2000-04-21,Female,B+,+919374561972,"33, Kamla Nehru Nagar, Pune, Maharashtra 411514",99332169036629
465,UHID-202603-00081,Ashok Sharma,2015-06-11,Male,O+,+917054262913,"85, Bypass Road, Thane, Maharashtra 401399",45119299996851
466,UHID-202603-00082,Suresh Mishra,2006-10-05,Male,O-,+917525912280,"286, Hill View, Jalandhar, Punjab 144976",59897779935122
467,UHID-202603-00083,Laksh Desai,2010-04-02,Male,B+,+917671364126,"725, Indira Colony, Durgapur, West Bengal 713387",24787026626860
468,UHID-202603-00084,Juhi Hegde,2016-07-09,Female,A+,+918630982792,"702, Station Road, Thrissur, Kerala 680691",37516172942344
469,UHID-202603-00085,Prateek Choudhary,1978-10-09,Other,AB+,+918731729873,"370, Gandhi Nagar, Jodhpur, Rajasthan 342672",34323666860021
470,UHID-202603-00086,Aditya Nayak,1964-05-23,Male,O+,+919578099146,"302, Cantonment Road, Ludhiana, Punjab 141610",09690810667182
471,UHID-202603-00087,Vihaan Amin,2002-05-19,Male,A+,+918497888900,"44, Subhash Marg, Nizamabad, Telangana 503316",92526048336104
472,UHID-202603-00088,Sneha Shah,1996-08-03,Female,A+,+919183276238,"643, Park Avenue, Dwarka, Delhi 110890",30905520157668
473,UHID-202603-00089,Aarush Patil,1977-11-15,Male,A+,+919718557079,"340, Subhash Marg, Mangaluru, Karnataka 575698",36270728531713
474,UHID-202603-00090,Rudra Pillai,2009-07-29,Male,B+,+917055251366,"184, Ashok Nagar, Hubli, Karnataka 580228",98540605045011
475,UHID-202603-00091,Krishna Rao,1977-09-14,Male,B+,+918339581613,"61, Lake View Colony, Warangal, Telangana 506888",57248103401090
476,UHID-202603-00092,Ira Hegde,1946-07-07,Female,B+,+918375294097,"356, Bypass Road, Jaipur, Rajasthan 302242",24197962732827
477,UHID-202603-00093,Vivaan Joshi,1993-11-06,Male,A+,+917959819251,"612, Hill View, Kota, Rajasthan 324738",14466318694966
478,UHID-202603-00094,Pari Sen,1985-10-26,Female,O+,+917773529358,"838, Shanti Nagar, Karimnagar, Telangana 505306",30094807564455
479,UHID-202603-00095,Pari Chatterjee,1945-04-25,Female,O+,+918864253690,"155, Vikas Nagar, Coimbatore, Tamil Nadu 641764",96195901350609
480,UHID-202603-00096,Rahul Rajput,1954-01-15,Male,O+,+917753089592,"384, Kamla Nehru Nagar, Nashik, Maharashtra 422570",92720524111164
481,UHID-202603-00097,Vanitha Reddy,1990-08-24,Female,B+,+917014073715,"890, Ring Road, Asansol, West Bengal 713485",39319442731161
482,UHID-202603-00098,Lokesh Dutta,1965-08-01,Male,B+,+918253205273,"927, Laxmi Nagar, Coimbatore, Tamil Nadu 641771",82059075634296
483,UHID-202603-00099,Nikhil Iyer,2003-10-31,Male,A+,+919534654422,"601, Patel Nagar, Dwarka, Delhi 110866",61467370203382
484,UHID-202603-00100,Bhuvan Gandhi,2012-01-16,Male,AB+,+918122323779,"756, Lake View Colony, Nagpur, Maharashtra 440947",27199593284114
485,UHID-202603-00101,Shaurya Mishra,1991-09-27,Male,A+,+917585830909,"384, Rajaji Road, Udaipur, Rajasthan 313162",04893074048475
486,UHID-202603-00102,Esha Kulkarni,1956-10-08,Female,B+,+917662717978,"522, Kamla Nehru Nagar, Udaipur, Rajasthan 313986",15867811172554
487,UHID-202603-00103,Kian Nayak,1970-04-13,Male,O+,+918575310547,"463, Gandhi Nagar, Nashik, Maharashtra 422997",67621573435488
488,UHID-202603-00104,Uma Menon,1996-11-08,Female,AB+,+919034447948,"249, Subhash Marg, Nashik, Maharashtra 422895",26865957962766
489,UHID-202603-00105,Ananya Hegde,1960-05-05,Female,B+,+919595334226,"643, Gandhi Nagar, Kanpur, Uttar Pradesh 208727",78294870082466
490,UHID-202603-00106,Neha Gandhi,2016-11-11,Female,B+,+917380104881,"541, Laxmi Nagar, Kollam, Kerala 691891",41888472594030
491,UHID-202603-00107,Karthik Chatterjee,1954-05-05,Male,O-,+918538108887,"115, Laxmi Nagar, Warangal, Telangana 506100",20696211438107
492,UHID-202603-00108,Laksh Patel,2013-02-15,Male,A+,+917813202935,"701, Shanti Nagar, Asansol, West Bengal 713886",34536247525760
493,UHID-202603-00109,Geeta Trivedi,2004-09-14,Female,A+,+917884170914,"291, Kamla Nehru Nagar, Thiruvananthapuram, Kerala 695482",33937665825207
494,UHID-202603-00110,Shruti Singh,2006-11-26,Female,B+,+919813199566,"978, Vikas Nagar, Hubli, Karnataka 580231",13578207127287
495,UHID-202603-00111,Akash Dave,2003-04-21,Male,A+,+919358813241,"327, Nehru Street, Trichy, Tamil Nadu 620451",12023141524343
496,UHID-202603-00112,Rajesh Bhatia,1946-07-08,Male,O+,+918430071716,"699, MG Road, Mumbai, Maharashtra 400228",84784933127037
497,UHID-202603-00113,Mansi Iyer,1957-11-06,Female,AB-,+918332659024,"949, MG Road, Nizamabad, Telangana 503953",83610177050015
498,UHID-202603-00114,Yash Shetty,1956-12-12,Male,B+,+917759416558,"356, Hill View, Thane, Maharashtra 401375",03760181277721
499,UHID-202603-00115,Dinesh Modi,1968-09-26,Male,O+,+919454580878,"932, Station Road, Thrissur, Kerala 680332",98895734143218
500,UHID-202603-00116,Vanitha Nair,1982-03-30,Female,O-,+918486478724,"926, Sarojini Nagar, Mumbai, Maharashtra 400557",93812194128317
501,UHID-202603-00117,Vinod Yadav,1955-11-19,Male,A+,+919194941281,"405, MG Road, Siliguri, West Bengal 734999",78857507191693
502,UHID-202603-00118,Ekta Desai,1981-03-23,Female,B+,+919832241390,"378, Park Avenue, Dwarka, Delhi 110944",72114172859290
503,UHID-202603-00119,Swati Vyas,2004-07-24,Female,B-,+919450491113,"453, Lake View Colony, Salem, Tamil Nadu 636147",07402524248491
504,UHID-202603-00120,Gauri Jog,1990-03-31,Female,A+,+918692297013,"855, Sarojini Nagar, Rohini, Delhi 110311",59876293299124
505,UHID-202603-00121,Kavya Bhatt,1995-06-11,Female,A+,+917461604563,"896, Nehru Street, Khammam, Telangana 507913",71374262161932
506,UHID-202603-00122,Bindu Ghosh,1985-07-16,Female,O+,+919843453970,"983, Civil Lines, Siliguri, West Bengal 734408",17146678358124
507,UHID-202603-00123,Nandini Parekh,1953-02-23,Female,B+,+918444493667,"399, Ashok Nagar, Thiruvananthapuram, Kerala 695291",90696869364220
508,UHID-202603-00124,Madhav Pillai,1989-04-03,Male,A+,+919440502763,"500, Indira Colony, Vadodara, Gujarat 390941",17368458466726
509,UHID-202603-00125,Bindu Patil,2002-06-22,Female,AB+,+919470624582,"790, Cantonment Road, Chennai, Tamil Nadu 600118",77778083094981
510,UHID-202603-00126,Lavanya Kapoor,1972-12-27,Female,O+,+918234156988,"882, Nehru Street, Rohini, Delhi 110407",75789014163770
511,UHID-202603-00127,Narayan Shah,1995-03-09,Male,A+,+917091443879,"883, Gandhi Nagar, New Delhi, Delhi 110636",62179439250956
512,UHID-202603-00128,Sahil Choudhary,2000-08-11,Male,O+,+919892810772,"690, Patel Nagar, Indore, Madhya Pradesh 452589",69575479133646
513,UHID-202603-00129,Manish Joshi,1969-03-31,Male,A+,+919430752042,"193, Tilak Road, Jaipur, Rajasthan 302557",33997144469521
514,UHID-202603-00130,Anirudh Jain,1981-06-16,Male,B+,+919791578754,"974, Bypass Road, Nagpur, Maharashtra 440191",76924393043240
515,UHID-202603-00131,Vishal Nair,2004-10-11,Male,A+,+919730777174,"696, Ring Road, Kota, Rajasthan 324298",06654252627830
516,UHID-202603-00132,Lokesh Mukherjee,1968-08-25,Male,AB+,+918879544375,"527, Lake View Colony, Trichy, Tamil Nadu 620146",63992756399973
517,UHID-202603-00133,Priya Bhatia,2000-03-15,Female,A+,+918189115304,"109, MG Road, Warangal, Telangana 506632",38530143861829
518,UHID-202603-00134,Parth Gandhi,2020-12-14,Male,B+,+917690328347,"306, Civil Lines, Nagpur, Maharashtra 440631",68021585803734
519,UHID-202603-00135,Ganga Verma,1990-06-06,Female,A+,+917489126467,"829, Temple Street, Bengaluru, Karnataka 560543",36089917909718
520,UHID-202603-00136,Vikram Saxena,1947-11-23,Male,O+,+918892251367,"997, Patel Nagar, Hubli, Karnataka 580672",97108253102778
521,UHID-202603-00137,Bhakti Ghosh,1967-02-02,Female,O-,+918257097215,"801, Hill View, Belgaum, Karnataka 590582",84451474675000
522,UHID-202603-00138,Ramesh Ghosh,1992-09-05,Male,B-,+917974172125,"95, Subhash Marg, Mangaluru, Karnataka 575903",29411261680352
523,UHID-202603-00139,Radhika Bose,2020-08-14,Female,A+,+917910375705,"540, Kamla Nehru Nagar, Janakpuri, Delhi 110697",09444428706150
524,UHID-202603-00140,Lokesh Dutta,1987-06-08,Male,A+,+918340214224,"574, MG Road, Pune, Maharashtra 411173",04279485694966
525,UHID-202603-00141,Gaurav Gowda,1974-03-04,Male,B+,+917663018258,"582, Vikas Nagar, Mysuru, Karnataka 570698",94007345928520
526,UHID-202603-00142,Deepika Gandhi,1974-01-20,Female,B+,+917418349719,"278, Lake View Colony, Jaipur, Rajasthan 302649",06150628740871
527,UHID-202603-00143,Pankaj Mishra,1978-09-09,Male,A-,+917983406742,"996, Kamla Nehru Nagar, New Delhi, Delhi 110463",61363056817947
528,UHID-202603-00144,Anirudh Choudhary,2008-03-08,Male,B+,+919565602039,"27, Cantonment Road, Chandigarh, Punjab 160908",68577194365639
529,UHID-202603-00145,Ankit Mehta,1987-08-05,Male,B+,+917519068212,"708, Temple Street, Mumbai, Maharashtra 400477",05494873644586
530,UHID-202603-00146,Pari Gupta,2006-10-15,Female,AB+,+919020138608,"359, Park Avenue, Ajmer, Rajasthan 305554",96951322669792
531,UHID-202603-00147,Kabir Rao,2008-06-12,Male,A+,+918457192205,"272, MG Road, Amritsar, Punjab 143382",55889974050309
532,UHID-202603-00148,Karthik Roy,1947-02-19,Male,A-,+919563364336,"2, Sarojini Nagar, Hyderabad, Telangana 500209",53769202940543
533,UHID-202603-00149,Mukesh Saxena,1990-11-02,Male,B+,+917840039787,"895, Ring Road, Nashik, Maharashtra 422613",43826626288291
534,UHID-202603-00150,Venkat Iyer,2010-01-23,Male,A+,+919385680857,"53, Shanti Nagar, Madurai, Tamil Nadu 625857",33579046605270
535,UHID-202603-00151,Om Dutta,1950-11-03,Male,B+,+917976710575,"628, Civil Lines, Amritsar, Punjab 143143",74120502488683
536,UHID-202603-00152,Gopal Nayak,2020-09-12,Male,A+,+919454698880,"49, Gandhi Nagar, Ahmedabad, Gujarat 380883",39008943334968
537,UHID-202603-00153,Raj Rajput,1957-09-12,Male,B+,+919036120402,"11, Market Street, Rajkot, Gujarat 360125",68201424235609
538,UHID-202603-00154,Radhika Rao,1955-07-14,Female,B+,+918370639012,"339, Hill View, Rajkot, Gujarat 360684",74866570741536
539,UHID-202603-00155,Tarun Dubey,2015-12-22,Male,O+,+918789271396,"373, Civil Lines, Nashik, Maharashtra 422286",52661494031388
540,UHID-202603-00156,Savitri Sharma,1974-05-11,Female,O-,+917490926130,"547, Nehru Street, Vadodara, Gujarat 390297",23328341723378
541,UHID-202603-00157,Ganga Dave,1973-02-17,Female,O+,+917475476424,"379, Market Street, Kolkata, West Bengal 700502",21939927963593
542,UHID-202603-00158,Hema Dave,2005-05-10,Female,B+,+918654021115,"461, Vikas Nagar, Surat, Gujarat 395384",87381981596784
543,UHID-202603-00159,Lata Modi,1984-11-07,Female,AB+,+919714506063,"476, Sarojini Nagar, Amritsar, Punjab 143604",68793798902994
544,UHID-202603-00160,Parvati Reddy,2008-10-01,Female,AB+,+919138749363,"605, Market Street, Belgaum, Karnataka 590812",63424537769853
545,UHID-202603-00161,Hari Gowda,1967-10-26,Male,A-,+919726260898,"730, Vikas Nagar, Belgaum, Karnataka 590746",31915711472775
546,UHID-202603-00162,Karthik Shukla,1985-04-13,Male,A+,+919196215707,"608, Sarojini Nagar, Kolkata, West Bengal 700879",45563876597760
547,UHID-202603-00163,Sai Reddy,1954-11-14,Male,A+,+919075223930,"656, Indira Colony, Nashik, Maharashtra 422191",37105053375116
548,UHID-202603-00164,Kamal Yadav,1985-12-25,Male,B+,+917923391443,"992, MG Road, Patiala, Punjab 147235",89492484027564
549,UHID-202603-00165,Sagar Kapoor,1977-01-09,Male,B+,+918137470906,"344, Shanti Nagar, Khammam, Telangana 507975",51256446932897
550,UHID-202603-00166,Harsh Bhatia,1981-01-22,Male,O+,+919627607838,"455, Vikas Nagar, Chandigarh, Punjab 160426",53759605044982
551,UHID-202603-00167,Saanvi Singh,1986-03-05,Female,B+,+919784023131,"190, Bypass Road, Belgaum, Karnataka 590293",00558352689508
552,UHID-202603-00168,Hari Dubey,1945-07-18,Male,O+,+917436027526,"611, Gandhi Nagar, Belgaum, Karnataka 590858",33080225835046
553,UHID-202603-00169,Gautam Bhatt,1958-11-02,Male,B-,+918366224576,"369, Nehru Street, Nashik, Maharashtra 422116",06719978451527
554,UHID-202603-00170,Nandini Pandey,1997-10-21,Female,A+,+919428913726,"191, Rajaji Road, Jabalpur, Madhya Pradesh 482149",97992397846761
555,UHID-202603-00171,Komal Pillai,1993-01-11,Female,A+,+917786120086,"36, Market Street, Bhopal, Madhya Pradesh 462502",69118005053995
556,UHID-202603-00172,Ramesh Chatterjee,1947-03-29,Male,B+,+917093237150,"341, Laxmi Nagar, Rajkot, Gujarat 360921",13952194580362
557,UHID-202603-00173,Vihaan Joshi,2015-06-01,Male,A-,+917042165854,"137, Station Road, Thane, Maharashtra 401149",17466234023740
558,UHID-202603-00174,Dinesh Bhatia,1956-08-04,Male,A+,+918615991445,"174, Market Street, Nagpur, Maharashtra 440326",35528208308167
559,UHID-202603-00175,Namrata Tiwari,2001-02-08,Female,AB+,+919714915388,"156, Kamla Nehru Nagar, Kozhikode, Kerala 673516",31977260652432
560,UHID-202603-00176,Lakshmi Bhatt,1997-03-28,Female,B+,+919348697148,"547, Indira Colony, Saket, Delhi 110978",77170869313339
561,UHID-202603-00177,Vidya Parekh,1950-12-24,Female,B+,+918496915309,"756, Indira Colony, Chandigarh, Punjab 160583",95250008228474
562,UHID-202603-00178,Prateek Shukla,2007-02-08,Male,O+,+918212838452,"156, Tilak Road, Surat, Gujarat 395443",72106551695055
563,UHID-202603-00179,Parvati Gupta,1951-06-28,Female,B-,+919027493718,"219, Subhash Marg, Patiala, Punjab 147680",52747032466792
564,UHID-202603-00180,Deepak Hegde,1970-10-03,Male,B+,+919164071808,"5, Ashok Nagar, Bengaluru, Karnataka 560112",98986201344685
565,UHID-202603-00181,Dinesh Choudhary,1979-11-28,Male,B+,+918578751703,"836, Station Road, Kollam, Kerala 691576",36983673766645
566,UHID-202603-00182,Sandeep Parekh,1962-11-05,Male,A+,+918638086831,"915, Market Street, Karimnagar, Telangana 505388",74159825643567
567,UHID-202603-00183,Sahil Bose,2018-04-22,Male,O+,+919029532952,"188, Vikas Nagar, Howrah, West Bengal 711544",73313562016648
568,UHID-202603-00184,Narayan Chauhan,1977-09-17,Male,A-,+919160453244,"592, Civil Lines, Dwarka, Delhi 110598",84963207832716
569,UHID-202603-00185,Tushar Iyer,1962-11-14,Male,AB+,+917530775033,"763, Patel Nagar, Nashik, Maharashtra 422616",18063451886265
570,UHID-202603-00186,Harini Trivedi,1978-08-29,Female,A+,+918647802990,"208, Rajaji Road, Trichy, Tamil Nadu 620135",16382955636559
571,UHID-202603-00187,Aakash Modi,2018-08-09,Male,B+,+918579419573,"514, Shanti Nagar, Varanasi, Uttar Pradesh 221595",53802633478311
572,UHID-202603-00188,Namrata Nayak,1958-12-15,Female,B+,+917976512639,"832, Temple Street, Madurai, Tamil Nadu 625163",67326135163463
573,UHID-202603-00189,Anil Malhotra,1960-08-07,Male,B+,+918118542186,"996, Park Avenue, Noida, Uttar Pradesh 201821",30864212727580
574,UHID-202603-00190,Juhi Choudhary,2000-06-21,Female,B+,+918471245582,"92, Tilak Road, Ajmer, Rajasthan 305232",14502874974947
575,UHID-202603-00191,Mansi Iyer,1952-06-16,Female,O+,+918543079893,"343, Market Street, Kanpur, Uttar Pradesh 208700",60614979609746
576,UHID-202603-00192,Janaki Chauhan,2012-06-02,Female,B+,+918446002233,"808, Vikas Nagar, Coimbatore, Tamil Nadu 641756",59221174622774
577,UHID-202603-00193,Jaya Gowda,1998-04-19,Female,B+,+918125770076,"677, Station Road, Trichy, Tamil Nadu 620224",54345723336381
578,UHID-202603-00194,Esha Bhatia,2013-09-08,Female,O+,+917672932193,"499, Station Road, Bengaluru, Karnataka 560982",51135635351051
579,UHID-202603-00195,Kabir Kapoor,1951-05-10,Male,A-,+919069728217,"664, Shanti Nagar, Warangal, Telangana 506554",42081458014095
580,UHID-202603-00196,Indira Pandey,2001-03-22,Female,A-,+918557982935,"125, Station Road, Mumbai, Maharashtra 400282",20016804775722
581,UHID-202603-00197,Ilaa Mehta,2008-12-08,Female,B+,+918180583791,"880, Park Avenue, Lucknow, Uttar Pradesh 226426",26506536016348
582,UHID-202603-00198,Rekha Mehta,2008-04-15,Female,B+,+918136536364,"591, Sarojini Nagar, Vadodara, Gujarat 390634",29943700387708
583,UHID-202603-00199,Harish Banerjee,1993-10-03,Male,A+,+919747563680,"853, Cantonment Road, Trichy, Tamil Nadu 620714",68640166579770
584,UHID-202603-00200,Venkat Pillai,1973-06-09,Male,A+,+917397413729,"938, Sarojini Nagar, Nizamabad, Telangana 503416",74036305324562
585,UHID-202603-00201,Laxman Mishra,1963-02-14,Male,B-,+918853202571,"294, Civil Lines, Jalandhar, Punjab 144673",92456548575919
586,UHID-202603-00202,Prateek Malhotra,1975-06-24,Male,O+,+918156053514,"839, Ashok Nagar, Kolkata, West Bengal 700578",90338277149449
587,UHID-202603-00203,Tara Mishra,1948-10-18,Female,B+,+917614134113,"90, Temple Street, Thane, Maharashtra 401634",76789648745925
588,UHID-202603-00204,Kunal Jain,1988-08-15,Male,A+,+918520198854,"45, Market Street, Belgaum, Karnataka 590365",32328279204709
589,UHID-202603-00205,Mukesh Gupta,1962-12-20,Male,B+,+919812646730,"802, Vikas Nagar, Kanpur, Uttar Pradesh 208239",54289336632129
590,UHID-202603-00206,Yash Nair,1954-02-09,Male,B+,+919543706802,"667, Laxmi Nagar, Udaipur, Rajasthan 313781",20259689208098
591,UHID-202603-00207,Myra Mehta,1993-04-12,Female,A+,+917739881461,"959, Bypass Road, New Delhi, Delhi 110707",63103965447854
592,UHID-202603-00208,Lata Gandhi,1989-04-12,Female,A+,+918271403536,"28, Civil Lines, Kochi, Kerala 682389",67424419211784
593,UHID-202603-00209,Bhuvan Menon,2013-02-10,Male,O+,+918887316758,"118, Patel Nagar, Kolkata, West Bengal 700733",05573733182179
594,UHID-202603-00210,Vinod Saxena,1987-01-12,Male,A+,+917021890985,"954, Patel Nagar, Jodhpur, Rajasthan 342739",10220897919515
595,UHID-202603-00211,Sai Jain,1956-07-19,Male,AB-,+919716092211,"623, Rajaji Road, Bhopal, Madhya Pradesh 462313",46920920889488
596,UHID-202603-00212,Om Mehta,1945-06-07,Male,B+,+918386612361,"919, Rajaji Road, Kanpur, Uttar Pradesh 208892",50696383505596
597,UHID-202603-00213,Hamsini Amin,1991-09-23,Female,AB+,+918629037163,"591, Cantonment Road, Ahmedabad, Gujarat 380494",60982618610605
598,UHID-202603-00214,Siddharth Yadav,1978-01-15,Male,A-,+919713876264,"401, Temple Street, Salem, Tamil Nadu 636190",29169113217396
599,UHID-202603-00215,Deepika Agarwal,1954-12-24,Female,A+,+917510457431,"95, Subhash Marg, Nashik, Maharashtra 422549",65315185694496
600,UHID-202603-00216,Reyansh Menon,1975-06-20,Male,B+,+917681380165,"821, Shanti Nagar, Pune, Maharashtra 411596",62979124245230
601,UHID-202603-00217,Sandeep Hegde,1958-07-14,Male,A+,+918552188307,"262, MG Road, Karimnagar, Telangana 505299",12597673380285
602,UHID-202603-00218,Falguni Naidu,1947-06-26,Female,O+,+919386236358,"642, Market Street, Karimnagar, Telangana 505343",13646398124371
603,UHID-202603-00219,Raj Saxena,2012-11-02,Male,O+,+919328458237,"508, Cantonment Road, Coimbatore, Tamil Nadu 641466",82689451721868
604,UHID-202603-00220,Vinod Das,1955-01-12,Male,O+,+919778127238,"47, Kamla Nehru Nagar, Ahmedabad, Gujarat 380142",66424312179181
605,UHID-202603-00221,Chandni Agarwal,2013-05-01,Female,O+,+919112588993,"650, Station Road, Thiruvananthapuram, Kerala 695962",86474500087187
606,UHID-202603-00222,Balaji Gowda,1994-01-15,Male,A-,+917777435786,"916, Laxmi Nagar, Ujjain, Madhya Pradesh 456565",51664392610110
607,UHID-202603-00223,Vivaan Gupta,2008-08-26,Male,B+,+918840010657,"366, Shanti Nagar, Ahmedabad, Gujarat 380143",42387020389187
608,UHID-202603-00224,Lokesh Kumar,1949-09-24,Male,B+,+917793251235,"850, Laxmi Nagar, Surat, Gujarat 395644",05272806864563
609,UHID-202603-00225,Parth Malhotra,1983-12-24,Male,A+,+918270928998,"284, Lake View Colony, Udaipur, Rajasthan 313545",13169475671681
610,UHID-202603-00226,Sara Shetty,1981-04-16,Female,B+,+918367968001,"275, Cantonment Road, Jaipur, Rajasthan 302521",19407975201738
611,UHID-202603-00227,Vinod Patel,1996-03-11,Male,O+,+918168787660,"440, Hill View, Indore, Madhya Pradesh 452162",69204419611318
612,UHID-202603-00228,Nikhil Chauhan,1946-10-12,Male,A+,+918333213277,"717, Civil Lines, Noida, Uttar Pradesh 201557",95726823117367
613,UHID-202603-00229,Sita Shukla,1948-10-16,Female,A+,+917540920140,"882, MG Road, Jaipur, Rajasthan 302444",04594520816181
614,UHID-202603-00230,Devyani Shah,1978-10-20,Female,B+,+919771353553,"358, Shanti Nagar, Chennai, Tamil Nadu 600163",58297805185313
615,UHID-202603-00231,Himanshu Kulkarni,2012-12-26,Male,O-,+917735218852,"441, Lake View Colony, Kanpur, Uttar Pradesh 208821",08786593965120
616,UHID-202603-00232,Indira Sen,1948-01-24,Female,B+,+919369278624,"317, Kamla Nehru Nagar, Nashik, Maharashtra 422874",97577343093495
617,UHID-202603-00233,Ramesh Mehta,1961-11-05,Male,B-,+918481638788,"105, Sarojini Nagar, Thane, Maharashtra 401434",68711286987743
618,UHID-202603-00234,Varun Dubey,1998-01-01,Male,A+,+919190093428,"633, Vikas Nagar, Karimnagar, Telangana 505125",15001282513425
619,UHID-202603-00235,Jaya Sarkar,1973-07-30,Female,B-,+919775704504,"152, Bypass Road, Coimbatore, Tamil Nadu 641209",43409645336728
620,UHID-202603-00236,Omkar Tiwari,2006-05-15,Male,A-,+917894179692,"179, Nehru Street, Jaipur, Rajasthan 302779",43012612939970
621,UHID-202603-00237,Aadhya Shah,1957-03-08,Other,B+,+917893716417,"297, Market Street, Kozhikode, Kerala 673757",30662678963185
622,UHID-202603-00238,Eshan Hegde,1999-07-29,Male,O+,+917734115016,"649, Ring Road, Thiruvananthapuram, Kerala 695826",43603440615331
623,UHID-202603-00239,Juhi Sharma,2006-10-29,Female,O+,+918785946742,"689, Nehru Street, Gwalior, Madhya Pradesh 474815",76775114695955
624,UHID-202603-00240,Myra Tiwari,1983-02-17,Female,O+,+917021995663,"989, Gandhi Nagar, Karimnagar, Telangana 505465",89720356911589
625,UHID-202603-00241,Vanitha Agarwal,2017-06-29,Female,B+,+917841775513,"656, Rajaji Road, Belgaum, Karnataka 590288",57593334388246
626,UHID-202603-00242,Ritvik Singh,2000-10-10,Male,A+,+917356557002,"326, Shanti Nagar, Rohini, Delhi 110160",82839758537621
627,UHID-202603-00243,Aditi Sharma,2014-12-26,Female,B-,+919540794854,"348, Lake View Colony, Durgapur, West Bengal 713140",73487082810621
628,UHID-202603-00244,Diya Joshi,1972-07-12,Female,O-,+918742013651,"223, MG Road, Kanpur, Uttar Pradesh 208703",66651296590308
629,UHID-202603-00245,Karthik Shah,1949-07-04,Male,B-,+918552012538,"294, Subhash Marg, Dwarka, Delhi 110488",10321042088746
630,UHID-202603-00246,Devyani Desai,1970-09-25,Female,A+,+917449718381,"285, Gandhi Nagar, Ahmedabad, Gujarat 380818",04989819898249
631,UHID-202603-00247,Priya Nayak,1949-04-04,Female,O+,+918553683218,"437, Laxmi Nagar, Jaipur, Rajasthan 302155",70687851303382
632,UHID-202603-00248,Lata Bose,2012-12-09,Female,AB-,+917856057981,"141, Hill View, Indore, Madhya Pradesh 452509",00457014335830
633,UHID-202603-00249,Arnav Modi,2000-04-14,Male,B+,+917310861084,"7, Temple Street, Indore, Madhya Pradesh 452399",61979881870058
634,UHID-202603-00250,Shubham Bhatia,1999-10-15,Male,B+,+919541129933,"69, Station Road, Jabalpur, Madhya Pradesh 482388",53778326239838
635,UHID-202603-00251,Jatin Das,2001-12-14,Male,A-,+919810639414,"453, Shanti Nagar, Coimbatore, Tamil Nadu 641757",75796591640584
636,UHID-202603-00252,Deepika Vyas,1994-07-04,Female,O-,+918245548434,"569, Hill View, Ajmer, Rajasthan 305767",46889271752697
637,UHID-202603-00253,Sameer Mukherjee,2001-06-25,Male,A+,+918119699740,"312, Temple Street, Lucknow, Uttar Pradesh 226936",71192677767009
638,UHID-202603-00254,Archana Joshi,1952-08-03,Female,B-,+918412311882,"243, Civil Lines, Chennai, Tamil Nadu 600651",63908628176459
639,UHID-202603-00255,Raj Chauhan,1963-01-03,Male,B-,+919036855131,"496, Civil Lines, Lucknow, Uttar Pradesh 226738",85775563406968
640,UHID-202603-00256,Vanitha Ghosh,1956-04-25,Female,A+,+917586540623,"158, Market Street, Salem, Tamil Nadu 636232",87454454889392
641,UHID-202603-00257,Harini Mukherjee,2000-01-19,Female,B-,+917961222769,"549, Lake View Colony, Salem, Tamil Nadu 636355",38478206850624
642,UHID-202603-00258,Vihaan Mukherjee,1989-09-18,Male,O+,+917759678041,"202, Subhash Marg, Mysuru, Karnataka 570548",05797514888461
643,UHID-202603-00259,Saanvi Nair,2000-06-16,Female,B-,+919572663941,"395, Laxmi Nagar, Mangaluru, Karnataka 575296",34729709711071
644,UHID-202603-00260,Kirti Gandhi,1978-04-26,Female,B+,+918780202817,"808, Station Road, Kozhikode, Kerala 673547",49136451597674
645,UHID-202603-00261,Sangeeta Amin,1981-12-22,Female,AB+,+917889857754,"545, Civil Lines, Ujjain, Madhya Pradesh 456317",16229627621444
646,UHID-202603-00262,Manoj Srivastava,2001-08-13,Male,B+,+917478514746,"975, Nehru Street, Nagpur, Maharashtra 440331",41405492001206
647,UHID-202603-00263,Rakesh Iyer,1947-10-24,Male,B-,+919366037997,"10, Gandhi Nagar, Coimbatore, Tamil Nadu 641345",54401351325490
648,UHID-202603-00264,Kamal Shetty,1990-11-16,Male,O+,+918154019688,"931, Temple Street, Pune, Maharashtra 411584",77438101401205
649,UHID-202603-00265,Sachin Reddy,1979-01-05,Male,B+,+918614731405,"618, Bypass Road, Rajkot, Gujarat 360601",27566587195863
650,UHID-202603-00266,Pranav Verma,1977-05-03,Male,O+,+918238107711,"713, Patel Nagar, Kanpur, Uttar Pradesh 208355",55155876767573
651,UHID-202603-00267,Pallavi Iyer,1947-02-14,Female,O+,+917873957392,"449, MG Road, Dwarka, Delhi 110429",00616413804613
652,UHID-202603-00268,Anil Naidu,2008-09-16,Male,A-,+919469507755,"439, Lake View Colony, Hubli, Karnataka 580403",45749399376917
653,UHID-202603-00269,Sai Sen,1945-03-10,Male,B+,+917358489977,"575, Market Street, Trichy, Tamil Nadu 620744",00187702961331
654,UHID-202603-00270,Lata Ghosh,1969-03-31,Female,B+,+918315347168,"670, Subhash Marg, Surat, Gujarat 395708",98740225276553
655,UHID-202603-00271,Sunita Verma,2014-03-28,Female,O-,+918128108600,"393, MG Road, Mumbai, Maharashtra 400512",70243692771410
656,UHID-202603-00272,Sameer Kapoor,1967-09-20,Male,O+,+917610248099,"934, Temple Street, Jodhpur, Rajasthan 342356",13423547560118
657,UHID-202603-00273,Myra Amin,1992-12-11,Female,A+,+919694321268,"216, Cantonment Road, Belgaum, Karnataka 590162",52757823755890
658,UHID-202603-00274,Chithra Thakur,2011-04-02,Female,B+,+918879526865,"267, Sarojini Nagar, Nagpur, Maharashtra 440198",56761311505357
659,UHID-202603-00275,Lata Joshi,2012-12-31,Female,A-,+918243464728,"296, Subhash Marg, Noida, Uttar Pradesh 201121",75140978639411
660,UHID-202603-00276,Indira Dutta,2010-09-07,Female,A-,+918497266219,"679, Kamla Nehru Nagar, Kolkata, West Bengal 700397",88525060566583
661,UHID-202603-00277,Gaurav Gandhi,1997-11-24,Male,B-,+918391405216,"26, MG Road, Udaipur, Rajasthan 313471",47739035294388
662,UHID-202603-00278,Tanvi Bhatt,1978-08-14,Female,O+,+918416975751,"899, Cantonment Road, Siliguri, West Bengal 734685",43885468159935
663,UHID-202603-00279,Laksh Dutta,1998-08-23,Male,B+,+919121979776,"482, Vikas Nagar, Thiruvananthapuram, Kerala 695524",23296053124217
664,UHID-202603-00280,Lata Saxena,1957-05-22,Female,O+,+918178203531,"592, Station Road, Karimnagar, Telangana 505552",62941525868657
665,UHID-202603-00281,Varun Srivastava,2011-12-26,Male,A+,+919322211156,"651, Cantonment Road, Jodhpur, Rajasthan 342391",61438052658404
666,UHID-202603-00282,Aakash Hegde,2011-06-06,Male,B-,+917933023932,"133, Vikas Nagar, Coimbatore, Tamil Nadu 641700",38945388849415
667,UHID-202603-00283,Bhavna Malhotra,2017-03-19,Female,B+,+917580909612,"94, Market Street, Coimbatore, Tamil Nadu 641983",88838669153234
668,UHID-202603-00284,Mohit Dave,2002-10-21,Male,B+,+917966842787,"417, Patel Nagar, Hyderabad, Telangana 500630",88658680447546
669,UHID-202603-00285,Juhi Bhatt,2006-12-26,Female,B+,+917851070137,"458, Lake View Colony, Hyderabad, Telangana 500662",94459861251230
670,UHID-202603-00286,Uday Jain,2015-09-13,Male,AB+,+919814952700,"785, Market Street, Mysuru, Karnataka 570217",94351322313081
671,UHID-202603-00287,Parth Dutta,1954-12-22,Male,O+,+918432071373,"42, Subhash Marg, Udaipur, Rajasthan 313710",92056110819649
672,UHID-202603-00288,Atharva Nayak,2020-08-23,Male,B+,+918689183464,"482, Civil Lines, Lucknow, Uttar Pradesh 226328",42855111713884
673,UHID-202603-00289,Sahil Choudhary,1998-07-24,Male,B+,+918156358609,"785, Ring Road, Howrah, West Bengal 711573",54728897149719
674,UHID-202603-00290,Deepika Gandhi,1999-10-26,Female,A+,+919792033607,"552, Sarojini Nagar, Ahmedabad, Gujarat 380658",17260030900154
675,UHID-202603-00291,Nandini Sarkar,1949-12-21,Female,B+,+917461770247,"386, MG Road, Vadodara, Gujarat 390627",01521433269173
676,UHID-202603-00292,Ramesh Patel,1960-03-04,Male,AB+,+918785065392,"545, Rajaji Road, Nizamabad, Telangana 503205",72520488126368
677,UHID-202603-00293,Vikram Jain,1963-07-07,Male,B-,+919381522272,"115, Laxmi Nagar, Ahmedabad, Gujarat 380131",17762863073376
678,UHID-202603-00294,Lavanya Banerjee,1983-05-19,Female,O+,+919026345003,"370, Temple Street, Madurai, Tamil Nadu 625795",29352922715607
679,UHID-202603-00295,Rahul Naidu,2014-12-10,Male,B+,+918710291363,"665, Kamla Nehru Nagar, Surat, Gujarat 395450",88482838729661
680,UHID-202603-00296,Reyansh Thakur,1975-07-15,Male,A+,+917674802179,"560, Nehru Street, Durgapur, West Bengal 713630",28639367726880
681,UHID-202603-00297,Rohan Desai,2011-02-23,Male,B+,+917650241540,"989, Cantonment Road, Mangaluru, Karnataka 575781",84816102740051
682,UHID-202603-00298,Neeraj Dubey,1952-07-27,Male,B+,+919481945246,"641, Market Street, Kanpur, Uttar Pradesh 208906",31572690298682
683,UHID-202603-00299,Pallavi Joshi,2019-08-19,Female,B+,+917373299551,"138, Sarojini Nagar, Bhopal, Madhya Pradesh 462853",20034915257807
684,UHID-202603-00300,Charulata Hegde,1955-08-11,Female,O+,+918791963213,"908, Indira Colony, Bhopal, Madhya Pradesh 462748",41943295323826
685,UHID-202603-00301,Sahil Desai,1990-05-07,Male,B+,+919864396682,"294, Subhash Marg, Siliguri, West Bengal 734347",68217919253685
686,UHID-202603-00302,Pari Rao,1987-10-05,Female,B+,+917751164356,"834, Indira Colony, Warangal, Telangana 506556",28336134527114
687,UHID-202603-00303,Sanjay Menon,1963-01-29,Male,A-,+918452515045,"245, Subhash Marg, Asansol, West Bengal 713618",62802939026936
688,UHID-202603-00304,Savitri Gowda,1946-05-03,Female,A+,+919491303103,"783, Ashok Nagar, Kota, Rajasthan 324724",41539461033374
689,UHID-202603-00305,Isha Sen,1986-04-22,Female,A+,+917359687988,"838, Shanti Nagar, Lucknow, Uttar Pradesh 226168",16910614591825
690,UHID-202603-00306,Rajesh Jog,1965-07-12,Male,B+,+918784602483,"913, Indira Colony, Belgaum, Karnataka 590782",78756098207949
691,UHID-202603-00307,Chetan Dubey,1987-05-05,Male,O+,+917558181302,"970, Park Avenue, Bhopal, Madhya Pradesh 462688",47035056398973
692,UHID-202603-00308,Arjun Saxena,2005-10-02,Male,B+,+918311451143,"804, Kamla Nehru Nagar, Mangaluru, Karnataka 575924",48868086285095
693,UHID-202603-00309,Ayaan Mishra,2011-08-10,Male,B-,+918539811295,"947, Subhash Marg, Mangaluru, Karnataka 575128",63858845258198
694,UHID-202603-00310,Shruti Mishra,1968-06-08,Female,A+,+917880998830,"114, Park Avenue, Thrissur, Kerala 680676",28887989868924
695,UHID-202603-00311,Lavanya Bhatia,1983-05-14,Female,B+,+917495823231,"446, Subhash Marg, Amritsar, Punjab 143881",14992081827954
696,UHID-202603-00312,Pooja Thakur,1948-03-21,Female,O+,+919612083106,"234, Indira Colony, Coimbatore, Tamil Nadu 641622",83885181208074
697,UHID-202603-00313,Tarun Tiwari,1979-01-05,Male,B-,+917842827247,"902, Ring Road, Mumbai, Maharashtra 400622",39262100394691
698,UHID-202603-00314,Lakshmi Pandey,1983-10-20,Female,B-,+918123271683,"385, Tilak Road, Bengaluru, Karnataka 560164",67623876133362
699,UHID-202603-00315,Sara Agarwal,1964-04-24,Female,B+,+919018306908,"735, Ring Road, Ajmer, Rajasthan 305711",06094629731003
700,UHID-202603-00316,Dinesh Kapoor,1956-02-17,Male,O+,+919596621297,"114, Hill View, Trichy, Tamil Nadu 620815",86949163273467
701,UHID-202603-00317,Latika Sen,1983-09-07,Female,A+,+918582149342,"271, Cantonment Road, Thiruvananthapuram, Kerala 695606",97573912205082
702,UHID-202603-00318,Mukesh Kumar,1998-12-11,Male,A+,+917849149156,"206, Civil Lines, Surat, Gujarat 395373",51228563980945
703,UHID-202603-00319,Aarav Yadav,1981-03-19,Male,B-,+919881770538,"932, Laxmi Nagar, Kochi, Kerala 682805",65277591211219
704,UHID-202603-00320,Isha Parekh,1948-11-21,Female,B+,+919333062913,"843, Kamla Nehru Nagar, Agra, Uttar Pradesh 282289",43435396667220
705,UHID-202603-00321,Sachin Bhatt,2020-06-16,Male,B+,+917689606723,"963, Temple Street, Ludhiana, Punjab 141436",65258693182728
706,UHID-202603-00322,Bhavna Iyer,1955-12-02,Female,B+,+917346846538,"682, Civil Lines, Gwalior, Madhya Pradesh 474623",07004096237416
707,UHID-202603-00323,Chandni Dutta,1970-01-04,Female,A+,+918467506638,"407, MG Road, Jabalpur, Madhya Pradesh 482171",19985804912009
708,UHID-202603-00324,Geeta Saxena,2008-03-03,Other,O+,+919575922569,"393, Park Avenue, Mysuru, Karnataka 570408",75880020278128
709,UHID-202603-00325,Dev Nayak,1951-11-21,Male,B-,+917660539352,"667, Hill View, Agra, Uttar Pradesh 282435",08359329780491
710,UHID-202603-00326,Rekha Gowda,1980-03-22,Female,B+,+919444378774,"986, Civil Lines, Nashik, Maharashtra 422715",19247448489119
711,UHID-202603-00327,Ajay Mehta,2019-10-17,Male,O+,+917087639177,"303, Lake View Colony, Kozhikode, Kerala 673723",34490062478971
712,UHID-202603-00328,Vidya Roy,1961-09-24,Female,B+,+917558934501,"608, Hill View, Pune, Maharashtra 411427",90071810299032
713,UHID-202603-00329,Krishna Bose,2015-07-27,Male,O+,+917828968423,"950, Bypass Road, Bengaluru, Karnataka 560967",12715210290165
714,UHID-202603-00330,Naveen Kumar,2011-12-21,Male,O+,+918181689964,"407, Indira Colony, Udaipur, Rajasthan 313643",22126478809652
715,UHID-202603-00331,Arjun Gandhi,1957-01-21,Male,B+,+919866276468,"64, Ring Road, Ujjain, Madhya Pradesh 456690",72936174717295
716,UHID-202603-00332,Aanya Jain,1979-07-31,Female,B-,+917477756930,"54, Hill View, Jodhpur, Rajasthan 342705",34577433574916
717,UHID-202603-00333,Ayaan Dutta,1946-06-24,Male,O+,+918535230582,"680, Park Avenue, Surat, Gujarat 395598",45749444078004
718,UHID-202603-00334,Tarun Shah,1968-01-30,Male,O-,+919727161762,"704, Laxmi Nagar, Ajmer, Rajasthan 305142",27974773348541
719,UHID-202603-00335,Prasad Mehta,2005-05-04,Male,B-,+918328931827,"191, Market Street, Pune, Maharashtra 411622",83274468598229
720,UHID-202603-00336,Tanvi Verma,2008-08-01,Female,AB-,+919863431030,"534, Lake View Colony, Belgaum, Karnataka 590615",18045891904451
721,UHID-202603-00337,Karthik Kulkarni,1992-09-02,Male,A+,+917785564252,"315, Cantonment Road, Kozhikode, Kerala 673899",68792669983451
722,UHID-202603-00338,Jyoti Trivedi,1968-03-27,Female,AB+,+919498869974,"142, Vikas Nagar, Kanpur, Uttar Pradesh 208232",82669558960853
723,UHID-202603-00339,Sita Thakur,1981-02-08,Female,O+,+917333085096,"855, MG Road, Mangaluru, Karnataka 575138",48197225582179
724,UHID-202603-00340,Juhi Bhatt,2006-10-20,Female,B+,+917847326450,"772, Shanti Nagar, Kota, Rajasthan 324855",47377852629046
725,UHID-202603-00341,Dhanraj Chauhan,1950-09-05,Male,A+,+917069840311,"696, Cantonment Road, Mysuru, Karnataka 570423",98174938206297
726,UHID-202603-00342,Pankaj Srivastava,1975-01-29,Male,O-,+917960766236,"514, Gandhi Nagar, Durgapur, West Bengal 713375",19272172424103
727,UHID-202603-00343,Manish Das,1956-08-24,Other,O+,+919511986126,"125, Cantonment Road, Varanasi, Uttar Pradesh 221853",65441281046150
728,UHID-202603-00344,Irfan Ghosh,2017-05-22,Male,AB-,+917665536873,"764, Nehru Street, Siliguri, West Bengal 734605",04361933131985
729,UHID-202603-00345,Arnav Hegde,1984-10-12,Male,B+,+917338187059,"71, Subhash Marg, Coimbatore, Tamil Nadu 641749",68847840091239
730,UHID-202603-00346,Trisha Joshi,2008-09-17,Other,B+,+918720181995,"663, Nehru Street, Chandigarh, Punjab 160796",48571334140270
731,UHID-202603-00347,Ganga Shetty,1969-10-10,Female,B-,+918733669967,"544, Temple Street, Bengaluru, Karnataka 560993",07898507202027
732,UHID-202603-00348,Harsh Hegde,1997-01-16,Male,B+,+917758484297,"462, Patel Nagar, Gandhinagar, Gujarat 382453",95891788334865
733,UHID-202603-00349,Pankaj Patil,2009-11-06,Male,AB+,+919430936114,"778, Kamla Nehru Nagar, Bhopal, Madhya Pradesh 462345",48616317268561
734,UHID-202603-00350,Gauri Kumar,1977-08-01,Female,B+,+917072526555,"825, Cantonment Road, Bengaluru, Karnataka 560363",59336833162381
735,UHID-202603-00351,Vasundhara Mishra,2009-06-06,Female,A+,+917618159581,"779, Kamla Nehru Nagar, Amritsar, Punjab 143846",33926851701857
736,UHID-202603-00352,Naveen Chauhan,1988-11-11,Male,AB+,+918684210364,"570, Temple Street, Nagpur, Maharashtra 440982",35087140110766
737,UHID-202603-00353,Kian Deshpande,1983-07-18,Male,O-,+917552321935,"319, Station Road, Coimbatore, Tamil Nadu 641996",77296670896958
738,UHID-202603-00354,Sachin Reddy,1971-03-28,Male,A+,+917987551894,"270, Lake View Colony, Agra, Uttar Pradesh 282429",17399237490532
739,UHID-202603-00355,Sumit Thakur,1946-09-11,Male,AB+,+917926047966,"407, Cantonment Road, Karimnagar, Telangana 505128",50334230822752
740,UHID-202603-00356,Vishal Shah,1949-10-10,Male,A+,+918389647606,"538, Market Street, Lucknow, Uttar Pradesh 226505",41724839997015
741,UHID-202603-00357,Eshan Reddy,1984-03-17,Male,B+,+917911371940,"111, Sarojini Nagar, Agra, Uttar Pradesh 282900",22176581341953
742,UHID-202603-00358,Manoj Sarkar,1981-10-29,Male,O+,+917543323764,"947, Tilak Road, Jalandhar, Punjab 144483",71652667233248
743,UHID-202603-00359,Ganga Amin,1968-05-06,Female,B+,+917770394041,"21, Hill View, New Delhi, Delhi 110911",56401917713737
744,UHID-202603-00360,Raj Chatterjee,1991-11-26,Male,B-,+917874573161,"114, Vikas Nagar, Khammam, Telangana 507682",89336351803870
745,UHID-202603-00361,Sandeep Rao,2003-01-08,Male,AB+,+919590330510,"262, Kamla Nehru Nagar, Surat, Gujarat 395585",71901296716008
746,UHID-202603-00362,Vivaan Gowda,2002-04-26,Male,O+,+918192698476,"424, Ashok Nagar, Gandhinagar, Gujarat 382972",48002966320034
747,UHID-202603-00363,Advait Sharma,2003-08-29,Male,O+,+917719407400,"138, Indira Colony, Pune, Maharashtra 411733",46570448613292
748,UHID-202603-00364,Prateek Gandhi,1967-01-17,Male,B+,+917996349351,"308, Station Road, Kozhikode, Kerala 673894",19856375674824
749,UHID-202603-00365,Aarush Gandhi,1996-12-28,Male,O+,+918797911015,"252, Temple Street, Ajmer, Rajasthan 305193",91116776052054
750,UHID-202603-00366,Darsh Nayak,2004-11-12,Male,O+,+919017839115,"97, Lake View Colony, Gwalior, Madhya Pradesh 474846",07833967911073
751,UHID-202603-00367,Aarav Banerjee,1989-12-16,Other,AB+,+919727365244,"167, Park Avenue, Madurai, Tamil Nadu 625272",20518623704405
752,UHID-202603-00368,Dhruv Naidu,1957-04-06,Male,A-,+919644855462,"322, Tilak Road, Hyderabad, Telangana 500971",35545765977355
753,UHID-202603-00369,Hema Saxena,1972-11-18,Female,AB+,+917894649982,"28, Lake View Colony, Salem, Tamil Nadu 636415",54890570020144
754,UHID-202603-00370,Pari Bhatt,1970-04-07,Female,O+,+918267644555,"216, Nehru Street, Mangaluru, Karnataka 575802",28164295791363
755,UHID-202603-00371,Deepak Saxena,2008-11-14,Male,B+,+919727491226,"210, MG Road, Trichy, Tamil Nadu 620419",85674191976935
756,UHID-202603-00372,Divya Sarkar,1970-03-13,Female,A+,+919646349842,"276, Ashok Nagar, Karimnagar, Telangana 505687",68042966035748
757,UHID-202603-00373,Deepak Sharma,2003-09-29,Male,B+,+919883702521,"924, Sarojini Nagar, Chandigarh, Punjab 160298",86402897022291
758,UHID-202603-00374,Sanjay Shukla,1971-06-10,Male,A+,+919345947271,"384, Rajaji Road, Madurai, Tamil Nadu 625815",18165342468032
759,UHID-202603-00375,Esha Patel,1997-10-06,Female,A+,+917693356163,"417, Cantonment Road, Kanpur, Uttar Pradesh 208741",17209364530482
760,UHID-202603-00376,Gargi Roy,1999-12-24,Female,A+,+919442771018,"677, Indira Colony, Patiala, Punjab 147228",81354596217520
761,UHID-202603-00377,Avni Modi,1983-12-10,Female,B-,+918511704079,"747, MG Road, Noida, Uttar Pradesh 201844",07517534526420
762,UHID-202603-00378,Riya Chatterjee,1951-01-01,Female,B+,+918286258015,"391, Nehru Street, Mumbai, Maharashtra 400518",75462896087384
763,UHID-202603-00379,Ramesh Rao,2011-09-17,Male,B+,+917444333754,"317, Kamla Nehru Nagar, Durgapur, West Bengal 713547",20446751014984
764,UHID-202603-00380,Vinod Vyas,1966-05-03,Male,A+,+917780199812,"831, Hill View, Dwarka, Delhi 110632",59965403738180
765,UHID-202603-00381,Dev Joshi,1966-05-12,Male,A+,+919317606924,"698, Lake View Colony, Jabalpur, Madhya Pradesh 482643",47324216720668
766,UHID-202603-00382,Bhavna Sarkar,1961-01-25,Female,A+,+919046114779,"207, Market Street, Asansol, West Bengal 713330",71737776616744
767,UHID-202603-00383,Uma Bhatt,1950-09-24,Female,A+,+918172786392,"368, Ashok Nagar, Mysuru, Karnataka 570901",52666113681096
768,UHID-202603-00384,Hema Deshpande,2007-11-16,Female,O+,+918719928268,"775, Ring Road, Janakpuri, Delhi 110866",85976338776669